Date,Ticker,Ret
2021-01-04,Strategy,
2021-01-05,Strategy,0.0
2021-01-06,Strategy,0.0
2021-01-07,Strategy,0.0
2021-01-08,Strategy,-0.0
2021-01-11,Strategy,-0.0
2021-01-12,Strategy,0.0
2021-01-13,Strategy,-0.0
2021-01-14,Strategy,-0.0
2021-01-15,Strategy,-0.0
2021-01-19,Strategy,-0.0
2021-01-20,Strategy,0.0
2021-01-21,Strategy,0.0
2021-01-22,Strategy,0.0
2021-01-25,Strategy,-0.0
2021-01-26,Strategy,-0.0
2021-01-27,Strategy,-0.0
2021-01-28,Strategy,0.0
2021-01-29,Strategy,-0.0
2021-02-01,Strategy,0.0
2021-02-02,Strategy,0.0
2021-02-03,Strategy,-0.0
2021-02-04,Strategy,0.0
2021-02-05,Strategy,-0.0
2021-02-08,Strategy,0.0
2021-02-09,Strategy,-0.0
2021-02-10,Strategy,-0.0
2021-02-11,Strategy,0.0
2021-02-12,Strategy,-0.0
2021-02-16,Strategy,0.0
2021-02-17,Strategy,-0.0
2021-02-18,Strategy,-0.0
2021-02-19,Strategy,-0.003
2021-02-22,Strategy,-0.015344179430500381
2021-02-23,Strategy,0.0030744650944627876
2021-02-24,Strategy,-0.018421713557936547
2021-02-25,Strategy,-0.010191436198334613
2021-02-26,Strategy,-0.008146404940283451
2021-03-01,Strategy,-0.02224999988459276
2021-03-02,Strategy,0.021270361244761355
2021-03-03,Strategy,0.025458792380096146
2021-03-04,Strategy,0.022690042140690776
2021-03-05,Strategy,-0.027547183462653856
2021-03-08,Strategy,-0.011260601092872293
2021-03-09,Strategy,-0.00025069101053547174
2021-03-10,Strategy,-0.018009754189532125
2021-03-11,Strategy,-0.010467522717050981
2021-03-12,Strategy,-0.0116358082029811
2021-03-15,Strategy,-0.018336005654057807
2021-03-16,Strategy,-0.0019932334368695146
2021-03-17,Strategy,-0.014482572018580315
2021-03-18,Strategy,-0.011705707356844461
2021-03-19,Strategy,0.019712819426381246
2021-03-22,Strategy,0.000324070075334961
2021-03-23,Strategy,0.0354624624937035
2021-03-24,Strategy,-0.005486724577327949
2021-03-25,Strategy,-0.016890884085594055
2021-03-26,Strategy,-0.00948933067275955
2021-03-29,Strategy,0.010523424618276569
2021-03-30,Strategy,-0.021149508357516437
2021-03-31,Strategy,-0.0036400648343893997
2021-04-01,Strategy,0.011019851103581797
2021-04-05,Strategy,-0.010348481812669435
2021-04-06,Strategy,-0.0027039086309855764
2021-04-07,Strategy,0.0030756858540867123
2021-04-08,Strategy,-0.000176211130583754
2021-04-09,Strategy,-0.008299774495974218
2021-04-12,Strategy,-0.0046741898753611694
2021-04-13,Strategy,-0.00032276106456449955
2021-04-14,Strategy,-0.0016604165020268945
2021-04-15,Strategy,-0.0028706421257661194
2021-04-16,Strategy,-0.0035633150093011753
2021-04-19,Strategy,0.00549562755815571
2021-04-20,Strategy,0.020209814222771117
2021-04-21,Strategy,0.0
2021-04-22,Strategy,-0.0
2021-04-23,Strategy,0.0
2021-04-26,Strategy,0.0
2021-04-27,Strategy,0.0
2021-04-28,Strategy,-0.0
2021-04-29,Strategy,-0.0
2021-04-30,Strategy,-0.0
2021-05-03,Strategy,0.0
2021-05-04,Strategy,0.0
2021-05-05,Strategy,-0.0
2021-05-06,Strategy,0.0
2021-05-07,Strategy,0.0
2021-05-10,Strategy,-0.0
2021-05-11,Strategy,-0.0
2021-05-12,Strategy,-0.0
2021-05-13,Strategy,0.0
2021-05-14,Strategy,0.0
2021-05-17,Strategy,-0.0
2021-05-18,Strategy,-0.003
2021-05-19,Strategy,-0.025658695611436428
2021-05-20,Strategy,-0.008450604868033467
2021-05-21,Strategy,0.012479342814232538
2021-05-24,Strategy,-0.003439877486601284
2021-05-25,Strategy,0.008256700732492378
2021-05-26,Strategy,-0.010526698462673314
2021-05-27,Strategy,0.013792023637414856
2021-05-28,Strategy,-0.002411929963973651
2021-06-01,Strategy,0.0025179739518820052
2021-06-02,Strategy,-0.023264226923285697
2021-06-03,Strategy,0.005375243500821581
2021-06-04,Strategy,-0.007212264111907961
2021-06-07,Strategy,-0.002083618663566285
2021-06-08,Strategy,-0.00032280081785787456
2021-06-09,Strategy,-0.021454654391458442
2021-06-10,Strategy,-0.02346645031217547
2021-06-11,Strategy,0.0022400809757414175
2021-06-14,Strategy,-0.01733038791281402
2021-06-15,Strategy,0.0003052904767673111
2021-06-16,Strategy,-0.00383568672554683
2021-06-17,Strategy,-0.01768317817484339
2021-06-18,Strategy,0.006956298189017898
2021-06-21,Strategy,0.019790943910277786
2021-06-22,Strategy,0.008632889640352567
2021-06-23,Strategy,0.0150335623598098
2021-06-24,Strategy,0.0074393372074008715
2021-06-25,Strategy,-0.002233383020262024
2021-06-28,Strategy,0.0048475596136564455
2021-06-29,Strategy,0.0010729781574942633
2021-06-30,Strategy,0.0093554257794795
2021-07-01,Strategy,0.0039055076961338987
2021-07-02,Strategy,-0.004766309278251979
2021-07-06,Strategy,-0.0029205247886022996
2021-07-07,Strategy,0.010100450088150087
2021-07-08,Strategy,-0.0226882709302048
2021-07-09,Strategy,0.013525954195079194
2021-07-12,Strategy,0.013931799786355004
2021-07-13,Strategy,-0.008953655902084535
2021-07-14,Strategy,-0.010363980469387092
2021-07-15,Strategy,0.003493588966839614
2021-07-16,Strategy,-0.004868708544933259
2021-07-19,Strategy,-0.015101704495772321
2021-07-20,Strategy,0.03683359953971043
2021-07-21,Strategy,0.00781017664760109
2021-07-22,Strategy,-0.0024671368480576696
2021-07-23,Strategy,0.003838552842019241
2021-07-26,Strategy,0.002935500287744776
2021-07-27,Strategy,0.00322188416674401
2021-07-28,Strategy,0.0012433516832719943
2021-07-29,Strategy,-0.015195783457851341
2021-07-30,Strategy,-0.009617589889283101
2021-08-02,Strategy,0.01563279081523856
2021-08-03,Strategy,-0.025674766106797132
2021-08-04,Strategy,0.009484840259254997
2021-08-05,Strategy,-0.008845688501439545
2021-08-06,Strategy,-0.0047057332442956845
2021-08-09,Strategy,-0.008945433737588182
2021-08-10,Strategy,-0.016319466741807117
2021-08-11,Strategy,-0.024530406571837853
2021-08-12,Strategy,0.0007363972826493262
2021-08-13,Strategy,0.002166891025507382
2021-08-16,Strategy,-0.0004149882503101357
2021-08-17,Strategy,0.016125741601113283
2021-08-18,Strategy,0.008306154557176787
2021-08-19,Strategy,0.02484766760670337
2021-08-20,Strategy,-0.0
2021-08-23,Strategy,0.0
2021-08-24,Strategy,0.0
2021-08-25,Strategy,0.0
2021-08-26,Strategy,0.0
2021-08-27,Strategy,-0.0
2021-08-30,Strategy,0.0
2021-08-31,Strategy,-0.0
2021-09-01,Strategy,-0.0
2021-09-02,Strategy,0.0
2021-09-03,Strategy,0.0
2021-09-07,Strategy,-0.0
2021-09-08,Strategy,-0.0
2021-09-09,Strategy,-0.0
2021-09-10,Strategy,-0.0
2021-09-13,Strategy,-0.0
2021-09-14,Strategy,-0.0
2021-09-15,Strategy,0.0
2021-09-16,Strategy,-0.0
2021-09-17,Strategy,-0.0
2021-09-20,Strategy,-0.003
2021-09-21,Strategy,-0.007995870179942943
2021-09-22,Strategy,0.005657218665172009
2021-09-23,Strategy,0.024462468147674842
2021-09-24,Strategy,-0.008198485769534407
2021-09-27,Strategy,0.003103994076448701
2021-09-28,Strategy,0.0022097733538860623
2021-09-29,Strategy,-0.005589897231746973
2021-09-30,Strategy,-0.041470286209199916
2021-10-01,Strategy,0.014063497893025169
2021-10-04,Strategy,-0.013595794181667275
2021-10-05,Strategy,-0.00011748639009435626
2021-10-06,Strategy,0.0040141949402527155
2021-10-07,Strategy,0.016249038189489157
2021-10-08,Strategy,-0.007714223920127198
2021-10-11,Strategy,-0.028824530273826168
2021-10-12,Strategy,-0.004937740136894954
2021-10-13,Strategy,-0.004280986650644503
2021-10-14,Strategy,-0.0007232122018017298
2021-10-15,Strategy,0.00715311133132558
2021-10-18,Strategy,-0.0026684517396351583
2021-10-19,Strategy,0.030879098002302957
2021-10-20,Strategy,0.0016893425826416254
2021-10-21,Strategy,0.0003991506077148728
2021-10-22,Strategy,-0.007853340397441507
2021-10-25,Strategy,0.031330317169799594
2021-10-26,Strategy,-0.03745993735596398
2021-10-27,Strategy,-0.003334797766457078
2021-10-28,Strategy,0.033346906218919746
2021-10-29,Strategy,-0.021632587421212435
2021-11-01,Strategy,0.03840737160224952
2021-11-02,Strategy,0.007134416793677479
2021-11-03,Strategy,0.03171565102231612
2021-11-04,Strategy,-0.021226842129250943
2021-11-05,Strategy,-0.010493460220123204
2021-11-08,Strategy,-0.01376886104970196
2021-11-09,Strategy,0.015953209343119154
2021-11-10,Strategy,0.005030481318095182
2021-11-11,Strategy,-0.009266345983148178
2021-11-12,Strategy,-0.009537850888506769
2021-11-15,Strategy,-0.0046479428718058415
2021-11-16,Strategy,-0.0003501079885248389
2021-11-17,Strategy,0.0212561487636549
2021-11-18,Strategy,-0.012344555659794615
2021-11-19,Strategy,0.018393449274526425
2021-11-22,Strategy,0.0
2021-11-23,Strategy,-0.0
2021-11-24,Strategy,-0.003
2021-11-26,Strategy,0.016203087659443047
2021-11-29,Strategy,0.02931635344165596
2021-11-30,Strategy,-0.0
2021-12-01,Strategy,-0.0
2021-12-02,Strategy,0.0
2021-12-03,Strategy,-0.0
2021-12-06,Strategy,0.0
2021-12-07,Strategy,0.0
2021-12-08,Strategy,-0.0
2021-12-09,Strategy,0.0
2021-12-10,Strategy,-0.0
2021-12-13,Strategy,-0.0
2021-12-14,Strategy,-0.0
2021-12-15,Strategy,-0.0
2021-12-16,Strategy,0.0
2021-12-17,Strategy,0.0
2021-12-20,Strategy,-0.0
2021-12-21,Strategy,0.0
2021-12-22,Strategy,-0.0
2021-12-23,Strategy,0.0
2021-12-27,Strategy,0.0
2021-12-28,Strategy,-0.0
2021-12-29,Strategy,-0.0
2021-12-30,Strategy,-0.0
2021-12-31,Strategy,0.0
2022-01-03,Strategy,0.0
2022-01-04,Strategy,-0.003
2022-01-05,Strategy,0.0004550952332043278
2022-01-06,Strategy,-0.00685324018250148
2022-01-07,Strategy,-0.004435766041491595
2022-01-10,Strategy,-0.00439279896378812
2022-01-11,Strategy,0.006644569986741757
2022-01-12,Strategy,0.01070727668347707
2022-01-13,Strategy,-0.012445406066788523
2022-01-14,Strategy,0.005713473949240796
2022-01-18,Strategy,-0.008073912565561005
2022-01-19,Strategy,0.020946871433988233
2022-01-20,Strategy,0.02116975014608075
2022-01-21,Strategy,-0.0
2022-01-24,Strategy,-0.0
2022-01-25,Strategy,0.0
2022-01-26,Strategy,0.0
2022-01-27,Strategy,0.0
2022-01-28,Strategy,-0.0
2022-01-31,Strategy,0.0
2022-02-01,Strategy,-0.0
2022-02-02,Strategy,-0.0
2022-02-03,Strategy,-0.0
2022-02-04,Strategy,-0.0
2022-02-07,Strategy,0.0
2022-02-08,Strategy,0.0
2022-02-09,Strategy,0.0
2022-02-10,Strategy,-0.0
2022-02-11,Strategy,-0.0
2022-02-14,Strategy,-0.0
2022-02-15,Strategy,0.0
2022-02-16,Strategy,-0.0
2022-02-17,Strategy,-0.0
2022-02-18,Strategy,-0.0
2022-02-22,Strategy,-0.003
2022-02-23,Strategy,-0.04677650454390112
2022-02-24,Strategy,0.018066879422394544
2022-02-25,Strategy,0.006898079756684784
2022-02-28,Strategy,0.03608240489260223
2022-03-01,Strategy,-0.005729144972051688
2022-03-02,Strategy,0.0448645772216262
2022-03-03,Strategy,0.01455138089660384
2022-03-04,Strategy,0.013742340091250266
2022-03-07,Strategy,-0.06126413332530256
2022-03-08,Strategy,-0.012553668191594917
2022-03-09,Strategy,0.022204249587449827
2022-03-10,Strategy,0.018941314600516585
2022-03-11,Strategy,0.030998568922483143
2022-03-14,Strategy,0.018446734779095624
2022-03-15,Strategy,-0.0022370179863448834
2022-03-16,Strategy,6.0499387521340854e-05
2022-03-17,Strategy,0.04087877828725296
2022-03-18,Strategy,0.018024526491054554
2022-03-21,Strategy,0.01309679182490138
2022-03-22,Strategy,0.013336959606682023
2022-03-23,Strategy,0.006114797984710831
2022-03-24,Strategy,0.001017127449724574
2022-03-25,Strategy,0.005396021194036952
2022-03-28,Strategy,-0.003155706653275636
2022-03-29,Strategy,-0.04444544728352945
2022-03-30,Strategy,0.005491344043273694
2022-03-31,Strategy,0.0026405543440605464
2022-04-01,Strategy,0.0019344147517541099
2022-04-04,Strategy,0.0014629556187435461
2022-04-05,Strategy,-0.007918952487325858
2022-04-06,Strategy,-0.008183507813692783
2022-04-07,Strategy,-0.007719104593683735
2022-04-08,Strategy,0.01735574533677657
2022-04-11,Strategy,0.007428106956701209
2022-04-12,Strategy,-0.0012830417438305175
2022-04-13,Strategy,0.015168120237036538
2022-04-14,Strategy,0.019775921657644524
2022-04-18,Strategy,0.002243698530094591
2022-04-19,Strategy,0.000357474983737692
2022-04-20,Strategy,-0.0014406407963841082
2022-04-21,Strategy,-0.027663440754181562
2022-04-22,Strategy,-0.044599741797319806
2022-04-25,Strategy,-0.03796927847921582
2022-04-26,Strategy,-0.009774625221275313
2022-04-27,Strategy,0.004104283277063956
2022-04-28,Strategy,-0.007925545403619179
2022-04-29,Strategy,-0.01439394554003429
2022-05-02,Strategy,0.007010029524317675
2022-05-03,Strategy,0.01739189887333076
2022-05-04,Strategy,0.009737495769481918
2022-05-05,Strategy,-0.030532345534298892
2022-05-06,Strategy,-0.017641522108113362
2022-05-09,Strategy,-0.018393772893263834
2022-05-10,Strategy,-0.0007299660578182486
2022-05-11,Strategy,-0.006161785761538774
2022-05-12,Strategy,-0.003797514166021373
2022-05-13,Strategy,0.004253659339063966
2022-05-16,Strategy,0.016431239219434183
2022-05-17,Strategy,0.0236330303768238
2022-05-18,Strategy,-0.03738335863871157
2022-05-19,Strategy,-0.012072649915363415
2022-05-20,Strategy,-0.14531097546503835
2022-05-23,Strategy,0.0
2022-05-24,Strategy,0.0
2022-05-25,Strategy,0.0
2022-05-26,Strategy,0.0
2022-05-27,Strategy,0.0
2022-05-31,Strategy,-0.0
2022-06-01,Strategy,-0.0
2022-06-02,Strategy,0.0
2022-06-03,Strategy,-0.0
2022-06-06,Strategy,0.0
2022-06-07,Strategy,0.0
2022-06-08,Strategy,-0.0
2022-06-09,Strategy,-0.0
2022-06-10,Strategy,-0.0
2022-06-13,Strategy,-0.0
2022-06-14,Strategy,0.0
2022-06-15,Strategy,0.0
2022-06-16,Strategy,-0.0
2022-06-17,Strategy,0.0
2022-06-21,Strategy,0.0
2022-06-22,Strategy,-0.0
2022-06-23,Strategy,-0.003
2022-06-24,Strategy,0.04091628134833991
2022-06-27,Strategy,0.00941629428001272
2022-06-28,Strategy,-0.025147675127951484
2022-06-29,Strategy,-0.01652804580815157
2022-06-30,Strategy,0.0017365152969387255
2022-07-01,Strategy,0.0027262696956366845
2022-07-05,Strategy,-0.025199812533884806
2022-07-06,Strategy,-0.006606361725838181
2022-07-07,Strategy,0.044864850520545195
2022-07-08,Strategy,0.0018768231297382357
2022-07-11,Strategy,-0.019422272915570485
2022-07-12,Strategy,-0.0055325119354019524
2022-07-13,Strategy,0.0019610298595609853
2022-07-14,Strategy,-0.004224647400427628
2022-07-15,Strategy,0.00806284371269793
2022-07-18,Strategy,-0.0028721838819288064
2022-07-19,Strategy,0.04070949128350954
2022-07-20,Strategy,0.009888969536029586
2022-07-21,Strategy,0.007100242920470897
2022-07-22,Strategy,-0.011985335635405953
2022-07-25,Strategy,0.02156698090382369
2022-07-26,Strategy,0.01008519252855082
2022-07-27,Strategy,-0.015242052963952049
2022-07-28,Strategy,-0.015825056182397528
2022-07-29,Strategy,-0.025513015951709114
2022-08-01,Strategy,0.009456209124995996
2022-08-02,Strategy,0.013852403567142247
2022-08-03,Strategy,-0.016425568827842983
2022-08-04,Strategy,-0.02590813932289312
2022-08-05,Strategy,0.00019067105279554778
2022-08-08,Strategy,-2.7916586219416768e-05
2022-08-09,Strategy,0.0037958367536315226
2022-08-10,Strategy,-0.023346458623102296
2022-08-11,Strategy,-0.02131216325046139
2022-08-12,Strategy,-0.015493047314237667
2022-08-15,Strategy,0.0021361024820434906
2022-08-16,Strategy,-0.012610149991996533
2022-08-17,Strategy,0.01592579638520205
2022-08-18,Strategy,-0.004292664850618386
2022-08-19,Strategy,-0.005177544123368798
2022-08-22,Strategy,-9.573047296080407e-05
2022-08-23,Strategy,-0.005638386558516242
2022-08-24,Strategy,-0.016148375441215515
2022-08-25,Strategy,-0.016710545381163837
2022-08-26,Strategy,0.020117576264705193
2022-08-29,Strategy,0.0013825485194621386
2022-08-30,Strategy,0.023531844590502563
2022-08-31,Strategy,0.00796094599904736
2022-09-01,Strategy,0.00043251120741665547
2022-09-02,Strategy,0.004946849033214758
2022-09-06,Strategy,-0.0
2022-09-07,Strategy,0.0
2022-09-08,Strategy,0.0
2022-09-09,Strategy,0.0
2022-09-12,Strategy,0.0
2022-09-13,Strategy,-0.0
2022-09-14,Strategy,-0.0
2022-09-15,Strategy,-0.0
2022-09-16,Strategy,-0.0
2022-09-19,Strategy,0.0
2022-09-20,Strategy,-0.0
2022-09-21,Strategy,-0.0
2022-09-22,Strategy,-0.0
2022-09-23,Strategy,-0.003
2022-09-26,Strategy,-0.0017724312269907288
2022-09-27,Strategy,0.006138249606666332
2022-09-28,Strategy,0.023125788504643297
2022-09-29,Strategy,-0.01052718866269196
2022-09-30,Strategy,-0.017742946430395985
2022-10-03,Strategy,0.019808058705056017
2022-10-04,Strategy,0.03987162930405793
2022-10-05,Strategy,-0.020674476517181514
2022-10-06,Strategy,-0.006809590099784118
2022-10-07,Strategy,0.003942821208649376
2022-10-10,Strategy,0.014271856928655638
2022-10-11,Strategy,0.0118574571549388
2022-10-12,Strategy,-0.006717472656361384
2022-10-13,Strategy,0.009470015795243498
2022-10-14,Strategy,-0.02202493980069177
2022-10-17,Strategy,0.012360121808603908
2022-10-18,Strategy,0.023689384934732105
2022-10-19,Strategy,-0.005939969028077055
2022-10-20,Strategy,-0.01589125684120806
2022-10-21,Strategy,0.03825085701158425
2022-10-24,Strategy,-0.005981807496217283
2022-10-25,Strategy,-0.016233424538281593
2022-10-26,Strategy,0.0035429831997204194
2022-10-27,Strategy,-0.00794755291138662
2022-10-28,Strategy,0.0001641763146418094
2022-10-31,Strategy,0.0027952885528990663
2022-11-01,Strategy,0.01995949823627541
2022-11-02,Strategy,0.0029661659975944964
2022-11-03,Strategy,-0.01716452324438584
2022-11-04,Strategy,-0.0015180994099285045
2022-11-07,Strategy,-0.006932277016301896
2022-11-08,Strategy,-0.013907481975697513
2022-11-09,Strategy,0.00948980039910247
2022-11-10,Strategy,-0.023537190461325942
2022-11-11,Strategy,0.01015639491653153
2022-11-14,Strategy,-0.0016538195433010504
2022-11-15,Strategy,0.0012745680736005512
2022-11-16,Strategy,-0.0007495597162224242
2022-11-17,Strategy,-0.015948372467717842
2022-11-18,Strategy,-0.004818693572923281
2022-11-21,Strategy,0.00418745687917608
2022-11-22,Strategy,-0.0059858194675305705
2022-11-23,Strategy,-0.0543212144909216
2022-11-25,Strategy,-0.003
2022-11-28,Strategy,-0.005452235639557875
2022-11-29,Strategy,0.0018811958830272245
2022-11-30,Strategy,0.0013877259226877285
2022-12-01,Strategy,-0.002812351877022179
2022-12-02,Strategy,-0.010307424717973097
2022-12-05,Strategy,0.014057347756123583
2022-12-06,Strategy,-0.008704181952709134
2022-12-07,Strategy,-0.005921825675738815
2022-12-08,Strategy,-0.003679728061217191
2022-12-09,Strategy,0.016637247054276667
2022-12-12,Strategy,-0.00019769692149354708
2022-12-13,Strategy,0.0018792587453049844
2022-12-14,Strategy,-0.004341023498749414
2022-12-15,Strategy,0.017801760920023238
2022-12-16,Strategy,-0.004436371002283194
2022-12-19,Strategy,-0.002762175144927644
2022-12-20,Strategy,-0.0033099841694369655
2022-12-21,Strategy,-0.011841682101973302
2022-12-22,Strategy,0.009029557671806375
2022-12-23,Strategy,-0.00013564525831735903
2022-12-27,Strategy,-0.0
2022-12-28,Strategy,-0.003
2022-12-29,Strategy,-0.0023142580439044283
2022-12-30,Strategy,-0.0017463828379588992
2023-01-03,Strategy,-0.0035136279402020543
2023-01-04,Strategy,-0.0024945278415846005
2023-01-05,Strategy,-0.025162727341394568
2023-01-06,Strategy,0.025876106943869392
2023-01-09,Strategy,0.007805584749836765
2023-01-10,Strategy,0.018551197937517378
2023-01-11,Strategy,-0.011368859071711146
2023-01-12,Strategy,0.00267970644521427
2023-01-13,Strategy,0.008241827470631645
2023-01-17,Strategy,-0.002861607454613891
2023-01-18,Strategy,-0.02373153735239676
2023-01-19,Strategy,-0.045113674501184614
2023-01-20,Strategy,-0.003
2023-01-23,Strategy,-0.0020215523478503417
2023-01-24,Strategy,0.016033802188006915
2023-01-25,Strategy,-0.006211503938523096
2023-01-26,Strategy,0.010192282293564604
2023-01-27,Strategy,-0.0034975419215531834
2023-01-30,Strategy,0.009353962881980957
2023-01-31,Strategy,0.000985852563064057
2023-02-01,Strategy,0.012016602926796224
2023-02-02,Strategy,-0.04157609349336811
2023-02-03,Strategy,-0.002598774187168522
2023-02-06,Strategy,0.010610978215408772
2023-02-07,Strategy,-0.00747412946827387
2023-02-08,Strategy,-0.002718271782027352
2023-02-09,Strategy,2.569715358268865e-05
2023-02-10,Strategy,0.01549127602449989
2023-02-13,Strategy,-0.005105846951443888
2023-02-14,Strategy,-0.01213804109653675
2023-02-15,Strategy,0.0023883293953126513
2023-02-16,Strategy,-0.016677288595998922
2023-02-17,Strategy,0.0770521654761502
2023-02-21,Strategy,0.01397107180881788
2023-02-22,Strategy,-0.0008263907251529624
2023-02-23,Strategy,0.005040856867661196
2023-02-24,Strategy,0.01796903247260187
2023-02-27,Strategy,-0.010448982708900439
2023-02-28,Strategy,0.004503949593829539
2023-03-01,Strategy,0.0005770671624485493
2023-03-02,Strategy,-0.0028626632039970975
2023-03-03,Strategy,-0.018672137720768093
2023-03-06,Strategy,0.012403976526503454
2023-03-07,Strategy,0.013870301341593384
2023-03-08,Strategy,-0.017621506605425902
2023-03-09,Strategy,0.005209537505469566
2023-03-10,Strategy,0.05499763178230483
2023-03-13,Strategy,0.0
2023-03-14,Strategy,0.0
2023-03-15,Strategy,-0.0
2023-03-16,Strategy,0.0
2023-03-17,Strategy,-0.0
2023-03-20,Strategy,0.0
2023-03-21,Strategy,0.0
2023-03-22,Strategy,-0.0
2023-03-23,Strategy,-0.0
2023-03-24,Strategy,-0.0
2023-03-27,Strategy,0.0
2023-03-28,Strategy,0.0
2023-03-29,Strategy,0.0
2023-03-30,Strategy,0.0
2023-03-31,Strategy,0.0
2023-04-03,Strategy,-0.0
2023-04-04,Strategy,-0.0
2023-04-05,Strategy,-0.003
2023-04-06,Strategy,-0.007819619333182586
2023-04-10,Strategy,0.02166819299583392
2023-04-11,Strategy,0.007853022794174701
2023-04-12,Strategy,0.009557568953618941
2023-04-13,Strategy,-3.233609352063015e-05
2023-04-14,Strategy,0.007389084273538294
2023-04-17,Strategy,0.011752803815616808
2023-04-18,Strategy,0.009535436377932577
2023-04-19,Strategy,-0.009245493805300133
2023-04-20,Strategy,-0.004531080689419078
2023-04-21,Strategy,-0.010019447638708866
2023-04-24,Strategy,-0.000332088905476249
2023-04-25,Strategy,-0.019226167017453454
2023-04-26,Strategy,-0.010960264436557761
2023-04-27,Strategy,-0.0097718719619315
2023-04-28,Strategy,0.013992622663436947
2023-05-01,Strategy,0.017083993828232995
2023-05-02,Strategy,0.012413426396580489
2023-05-03,Strategy,-0.00015189213344244615
2023-05-04,Strategy,-0.019056506053381304
2023-05-05,Strategy,0.015067683828307192
2023-05-08,Strategy,-0.0030001141120820033
2023-05-09,Strategy,0.0030742668613574857
2023-05-10,Strategy,-0.00017231892860491288
2023-05-11,Strategy,-0.0163387689022809
2023-05-12,Strategy,0.003211060552973601
2023-05-15,Strategy,-0.010464418221115674
2023-05-16,Strategy,-0.015457871292908659
2023-05-17,Strategy,0.010348792475158054
2023-05-18,Strategy,0.004833195466120225
2023-05-19,Strategy,-0.01974322015952736
2023-05-22,Strategy,-0.005947503358770591
2023-05-23,Strategy,-0.0027958344622745425
2023-05-24,Strategy,-0.02000400069230772
2023-05-25,Strategy,0.005867908346711789
2023-05-26,Strategy,0.007879214105631931
2023-05-30,Strategy,-0.016638384289119543
2023-05-31,Strategy,-0.009665692586116888
2023-06-01,Strategy,0.01672445192046933
2023-06-02,Strategy,0.04780110563688271
2023-06-05,Strategy,-0.01910231363576906
2023-06-06,Strategy,0.025966111286534806
2023-06-07,Strategy,0.017245675603179866
2023-06-08,Strategy,-0.002119720422491916
2023-06-09,Strategy,-0.0035025289403571485
2023-06-12,Strategy,0.023618637386379805
2023-06-13,Strategy,0.02266050944645684
2023-06-14,Strategy,-0.004453013167628609
2023-06-15,Strategy,-0.017323002353542734
2023-06-16,Strategy,-0.004174340704093816
2023-06-20,Strategy,-0.005469817229448578
2023-06-21,Strategy,-0.018851975292207997
2023-06-22,Strategy,0.0010564411693311272
2023-06-23,Strategy,0.02528681462477449
2023-06-26,Strategy,-0.010479417743986617
2023-06-27,Strategy,0.002159477162299251
2023-06-28,Strategy,0.012160050384682963
2023-06-29,Strategy,0.008224258017194628
2023-06-30,Strategy,-0.007826776129861813
2023-07-03,Strategy,-0.0027900083127613247
2023-07-05,Strategy,0.0034479766756196125
2023-07-06,Strategy,0.001117121438662324
2023-07-07,Strategy,-0.009775913196652844
2023-07-10,Strategy,-0.0014828018525610384
2023-07-11,Strategy,-0.014023210626500115
2023-07-12,Strategy,0.01580105685895902
2023-07-13,Strategy,-0.008295060748927833
2023-07-14,Strategy,-0.019282101533466156
2023-07-17,Strategy,-0.013570535568754372
2023-07-18,Strategy,-0.029970725464407648
2023-07-19,Strategy,-0.003
2023-07-20,Strategy,-0.004389431303291486
2023-07-21,Strategy,0.007075110387805958
2023-07-24,Strategy,-0.009797842664217371
2023-07-25,Strategy,-0.008145253780427197
2023-07-26,Strategy,0.028854806191903115
2023-07-27,Strategy,0.010632885470824579
2023-07-28,Strategy,0.0011185375301201034
2023-07-31,Strategy,0.0001182872156709168
2023-08-01,Strategy,-0.010101487406199433
2023-08-02,Strategy,0.004204418157455007
2023-08-03,Strategy,0.015802812654912415
2023-08-04,Strategy,-0.0
2023-08-07,Strategy,0.0
2023-08-08,Strategy,-0.0
2023-08-09,Strategy,0.0
2023-08-10,Strategy,-0.0
2023-08-11,Strategy,-0.0
2023-08-14,Strategy,0.0
2023-08-15,Strategy,-0.0
2023-08-16,Strategy,-0.0
2023-08-17,Strategy,-0.003
2023-08-18,Strategy,-0.05886335340889175
2023-08-21,Strategy,-0.003
2023-08-22,Strategy,-0.013149920781975107
2023-08-23,Strategy,0.02531327511067179
2023-08-24,Strategy,-0.017875257619051718
2023-08-25,Strategy,0.005639573203780111
2023-08-28,Strategy,0.009790059481170696
2023-08-29,Strategy,0.022643774257217152
2023-08-30,Strategy,0.020732200312571718
2023-08-31,Strategy,-0.006200198919608632
2023-09-01,Strategy,0.01515479556844176
2023-09-05,Strategy,-0.010688450883003568
2023-09-06,Strategy,-0.002073920097850428
2023-09-07,Strategy,-0.005195727453625847
2023-09-08,Strategy,-0.03224557817371278
2023-09-11,Strategy,0.004299198365274566
2023-09-12,Strategy,-0.0011467730658003767
2023-09-13,Strategy,0.0017230230041696895
2023-09-14,Strategy,0.019900871748534568
2023-09-15,Strategy,0.004133291285043007
2023-09-18,Strategy,-0.00470188353773392
2023-09-19,Strategy,-0.029043531488165214
2023-09-20,Strategy,0.010724365016633295
2023-09-21,Strategy,-0.033678253541418256
2023-09-22,Strategy,-0.017780070564480686
2023-09-25,Strategy,0.0069843040639674565
2023-09-26,Strategy,-0.012694873315859754
2023-09-27,Strategy,0.005910640639927301
2023-09-28,Strategy,0.005712260055043403
2023-09-29,Strategy,-0.015921997614113965
2023-10-02,Strategy,-0.006044508472391269
2023-10-03,Strategy,-0.0031833019311176356
2023-10-04,Strategy,0.01883998802994878
2023-10-05,Strategy,0.0010534730858152955
2023-10-06,Strategy,0.010945178294600826
2023-10-09,Strategy,0.004584889522144939
2023-10-10,Strategy,0.021482188377810907
2023-10-11,Strategy,0.0034252642513417013
2023-10-12,Strategy,-0.018145894075964147
2023-10-13,Strategy,-0.010661262700312393
2023-10-16,Strategy,0.025808445234756137
2023-10-17,Strategy,-0.001149421097045559
2023-10-18,Strategy,-0.02554654056743714
2023-10-19,Strategy,-0.002374800294891161
2023-10-20,Strategy,-0.012856819898957378
2023-10-23,Strategy,-0.002059565443625354
2023-10-24,Strategy,0.002751935762284588
2023-10-25,Strategy,-0.004814834533834473
2023-10-26,Strategy,-0.004538713985184644
2023-10-27,Strategy,-0.018871351419393372
2023-10-30,Strategy,0.017784399857160703
2023-10-31,Strategy,-0.006577076926805663
2023-11-01,Strategy,0.014385304920621948
2023-11-02,Strategy,0.0017334916390374152
2023-11-03,Strategy,0.025580657855937553
2023-11-06,Strategy,-0.006770086259357745
2023-11-07,Strategy,-0.020666272156321285
2023-11-08,Strategy,0.002822743277153817
2023-11-09,Strategy,0.0006182898940106055
2023-11-10,Strategy,0.010279615665830558
2023-11-13,Strategy,-0.013423856615034877
2023-11-14,Strategy,0.013288559160021704
2023-11-15,Strategy,0.016976915844259588
2023-11-16,Strategy,-0.0037365478353149554
2023-11-17,Strategy,0.009858548576203982
2023-11-20,Strategy,-0.009062587265819513
2023-11-21,Strategy,0.006177110868722632
2023-11-22,Strategy,-0.03020630653894564
2023-11-24,Strategy,-0.0026205513556326527
2023-11-27,Strategy,-0.02038292773774145
2023-11-28,Strategy,-0.005930215434418427
2023-11-29,Strategy,0.013908593245424225
2023-11-30,Strategy,0.0005052509083452888
2023-12-01,Strategy,0.011584925171326043
2023-12-04,Strategy,0.0014188988744605253
2023-12-05,Strategy,-0.017207011600577374
2023-12-06,Strategy,0.014847271581803956
2023-12-07,Strategy,-0.010417691463594454
2023-12-08,Strategy,0.004473072986264351
2023-12-11,Strategy,-0.007400808756781344
2023-12-12,Strategy,-0.0013724358513971533
2023-12-13,Strategy,0.0472427486791676
2023-12-14,Strategy,0.01885526203245038
2023-12-15,Strategy,0.00470353011377898
2023-12-18,Strategy,0.010068868394537947
2023-12-19,Strategy,-0.026557258410075696
2023-12-20,Strategy,0.013597440029551412
2023-12-21,Strategy,-0.014786313933294135
2023-12-22,Strategy,-0.008491334426198417
2023-12-26,Strategy,-0.010760194996578619
2023-12-27,Strategy,-0.0018673468990964034
2023-12-28,Strategy,-0.0006348248012981333
2023-12-29,Strategy,-0.001949339427869194
2024-01-02,Strategy,0.002187631291031094
2024-01-03,Strategy,0.020547036722596446
2024-01-04,Strategy,0.0006866523035480743
2024-01-05,Strategy,-0.008488495626421946
2024-01-08,Strategy,-0.008453159323825754
2024-01-09,Strategy,0.00946877105895907
2024-01-10,Strategy,-0.003223821369070636
2024-01-11,Strategy,0.008823577906296863
2024-01-12,Strategy,0.009116977012296312
2024-01-16,Strategy,0.0
2024-01-17,Strategy,-0.0
2024-01-18,Strategy,0.0
2024-01-19,Strategy,0.0
2024-01-22,Strategy,0.0
2024-01-23,Strategy,0.0
2024-01-24,Strategy,-0.0
2024-01-25,Strategy,0.0
2024-01-26,Strategy,-0.0
2024-01-29,Strategy,0.0
2024-01-30,Strategy,-0.0
2024-01-31,Strategy,-0.0
2024-02-01,Strategy,0.0
2024-02-02,Strategy,-0.0
2024-02-05,Strategy,-0.0
2024-02-06,Strategy,0.0
2024-02-07,Strategy,-0.0
2024-02-08,Strategy,-0.0
2024-02-09,Strategy,-0.0
2024-02-12,Strategy,0.0
2024-02-13,Strategy,-0.003
2024-02-14,Strategy,0.015520461004703936
2024-02-15,Strategy,-0.06105458299240906
2024-02-16,Strategy,-0.003
2024-02-20,Strategy,-0.007248991116506463
2024-02-21,Strategy,-0.004362849602073078
2024-02-22,Strategy,-0.0012548447678188887
2024-02-23,Strategy,0.0238529666925373
2024-02-26,Strategy,-0.004770531340345198
2024-02-27,Strategy,-0.0065961763151000915
2024-02-28,Strategy,0.010945705776255464
2024-02-29,Strategy,0.0002722916914727749
2024-03-01,Strategy,0.0051298170679382315
2024-03-04,Strategy,-0.00651149370603857
2024-03-05,Strategy,0.0038715547472594645
2024-03-06,Strategy,-0.002424304913703527
2024-03-07,Strategy,0.022571794522837745
2024-03-08,Strategy,-0.005142604446378558
2024-03-11,Strategy,0.0013514321966032247
2024-03-12,Strategy,-0.005107546437731765
2024-03-13,Strategy,0.014390762693018212
2024-03-14,Strategy,7.959543673289986e-05
2024-03-15,Strategy,0.008671713825645733
2024-03-18,Strategy,0.003145738329878333
2024-03-19,Strategy,0.008676048942623594
2024-03-20,Strategy,-0.006665491103019552
2024-03-21,Strategy,-0.008220478652915926
2024-03-22,Strategy,-0.0030679730137992
2024-03-25,Strategy,0.004136908256220737
2024-03-26,Strategy,-0.002739960293496854
2024-03-27,Strategy,-0.028363549168879697
2024-03-28,Strategy,-0.0016886773359681157
2024-04-01,Strategy,0.017366344944703706
2024-04-02,Strategy,0.004284062772944879
2024-04-03,Strategy,-0.00499098946591426
2024-04-04,Strategy,-0.0019516658512748
2024-04-05,Strategy,-0.010565733916820063
2024-04-08,Strategy,0.002980034646328631
2024-04-09,Strategy,-0.0007261939323326542
2024-04-10,Strategy,0.0005023900866054027
2024-04-11,Strategy,-0.0027867116678257833
2024-04-12,Strategy,0.032369158487322476
2024-04-15,Strategy,-0.0
2024-04-16,Strategy,-0.0
2024-04-17,Strategy,0.0
2024-04-18,Strategy,0.0
2024-04-19,Strategy,-0.0
2024-04-22,Strategy,-0.0
2024-04-23,Strategy,-0.0
2024-04-24,Strategy,-0.0
2024-04-25,Strategy,-0.0
2024-04-26,Strategy,0.0
2024-04-29,Strategy,0.0
2024-04-30,Strategy,-0.0
2024-05-01,Strategy,-0.0
2024-05-02,Strategy,0.0
2024-05-03,Strategy,0.0
2024-05-06,Strategy,0.0
2024-05-07,Strategy,0.0
2024-05-08,Strategy,-0.0
2024-05-09,Strategy,0.0
2024-05-10,Strategy,-0.0
2024-05-13,Strategy,0.0
2024-05-14,Strategy,0.0
2024-05-15,Strategy,0.0
2024-05-16,Strategy,-0.0
2024-05-17,Strategy,0.0
2024-05-20,Strategy,-0.0
2024-05-21,Strategy,-0.0
2024-05-22,Strategy,0.0
2024-05-23,Strategy,-0.0
2024-05-24,Strategy,-0.003
2024-05-28,Strategy,-0.01772882679505969
2024-05-29,Strategy,-0.009463410356097173
2024-05-30,Strategy,0.008596059045643742
2024-05-31,Strategy,0.011631526262158954
2024-06-03,Strategy,-0.012897531421498833
2024-06-04,Strategy,0.006523993628842353
2024-06-05,Strategy,0.0035824668907730346
2024-06-06,Strategy,-0.0007567608136499911
2024-06-07,Strategy,-0.005092151593785974
2024-06-10,Strategy,-0.0013484274318404797
2024-06-11,Strategy,-0.0069882258842424005
2024-06-12,Strategy,0.015807892690529037
2024-06-13,Strategy,0.02285185728338226
2024-06-14,Strategy,0.0018323027422143885
2024-06-17,Strategy,0.004610294797782577
2024-06-18,Strategy,0.007441466393793081
2024-06-20,Strategy,-0.007553497350221596
2024-06-21,Strategy,-0.01524634534858473
2024-06-24,Strategy,0.002370761068803345
2024-06-25,Strategy,-0.0235700363660297
2024-06-26,Strategy,0.018280300999140138
2024-06-27,Strategy,0.0005736815117617112
2024-06-28,Strategy,-0.004887958609166449
2024-07-01,Strategy,
2024-07-02,Strategy,0.0
2024-07-03,Strategy,-0.0
2024-07-05,Strategy,-0.0
2024-07-08,Strategy,-0.0
2024-07-09,Strategy,-0.0
2024-07-10,Strategy,0.0
2024-07-11,Strategy,0.0
2024-07-12,Strategy,0.0
2024-07-15,Strategy,0.0
2024-07-16,Strategy,0.0
2024-07-17,Strategy,0.0
2024-07-18,Strategy,-0.0
2024-07-19,Strategy,-0.0
2024-07-22,Strategy,0.0
2024-07-23,Strategy,-0.0
2024-07-24,Strategy,-0.0
2024-07-25,Strategy,0.0
2024-07-26,Strategy,0.0
2024-07-29,Strategy,-0.0
2024-07-30,Strategy,-0.0
2024-07-31,Strategy,-0.0
2024-08-01,Strategy,-0.0
2024-08-02,Strategy,-0.0
2024-08-05,Strategy,-0.003
2024-08-06,Strategy,0.00460705106192876
2024-08-07,Strategy,-0.0029094653134571734
2024-08-08,Strategy,0.005290572241432095
2024-08-09,Strategy,-0.01054558099455195
2024-08-12,Strategy,-0.0032015769818639476
2024-08-13,Strategy,0.018100355837061058
2024-08-14,Strategy,0.0001078554479730391
2024-08-15,Strategy,0.0613268071247663
2024-08-16,Strategy,0.013433197627874448
2024-08-19,Strategy,-0.013869498710650015
2024-08-20,Strategy,0.005845262965516133
2024-08-21,Strategy,0.013251839027961872
2024-08-22,Strategy,-0.0027748160961453467
2024-08-23,Strategy,0.009400455904138759
2024-08-26,Strategy,0.0007049697985043891
2024-08-27,Strategy,-0.016646559305345095
2024-08-28,Strategy,0.007222508520307695
2024-08-29,Strategy,0.007460044583400003
2024-08-30,Strategy,0.010590164979866437
2024-09-03,Strategy,0.00408305560867369
2024-09-04,Strategy,0.01868709500863766
2024-09-05,Strategy,-0.019504546879995758
2024-09-06,Strategy,-0.004609353280342171
2024-09-09,Strategy,0.010627632597744859
2024-09-10,Strategy,0.007509083021523051
2024-09-11,Strategy,0.005327458702348914
2024-09-12,Strategy,-0.006860037837188174
2024-09-13,Strategy,0.019989614888335703
2024-09-16,Strategy,-0.0028738430487381386
2024-09-17,Strategy,0.005535383086422851
2024-09-18,Strategy,0.007312741596554195
2024-09-19,Strategy,0.013099487675390901
2024-09-20,Strategy,0.008106228706434432
2024-09-23,Strategy,-0.0038918198648749992
2024-09-24,Strategy,-0.00527516018706063
2024-09-25,Strategy,0.005719371027541316
2024-09-26,Strategy,-0.014609469756011947
2024-09-27,Strategy,-0.010484486081562733
2024-09-30,Strategy,0.000511045238320418
2024-10-01,Strategy,0.006782968956333432
2024-10-02,Strategy,0.002546750382874337
2024-10-03,Strategy,0.020362599726359287
2024-10-04,Strategy,0.005527068371467733
2024-10-07,Strategy,0.002649777062142723
2024-10-08,Strategy,-0.0
2024-10-09,Strategy,0.0
2024-10-10,Strategy,-0.0
2024-10-11,Strategy,0.0
2024-10-14,Strategy,-0.0
2024-10-15,Strategy,-0.0
2024-10-16,Strategy,0.0
2024-10-17,Strategy,-0.0
2024-10-18,Strategy,0.0
2024-10-21,Strategy,-0.0
2024-10-22,Strategy,-0.0
2024-10-23,Strategy,0.0
2024-10-24,Strategy,0.0
2024-10-25,Strategy,-0.0
2024-10-28,Strategy,0.0
2024-10-29,Strategy,-0.0
2024-10-30,Strategy,-0.0
2024-10-31,Strategy,-0.0
2024-11-01,Strategy,-0.0
2024-11-04,Strategy,-0.0
2024-11-05,Strategy,-0.0
2024-11-06,Strategy,0.0
2024-11-07,Strategy,0.0
2024-11-08,Strategy,-0.003
2024-11-11,Strategy,0.022861626702336015
2024-11-12,Strategy,-0.021903093912092615
2024-11-13,Strategy,-0.012792593092877806
2024-11-14,Strategy,0.01319294619391378
2024-11-15,Strategy,0.01300690997945413
2024-11-18,Strategy,0.012300726315410411
2024-11-19,Strategy,-0.008166840156874123
2024-11-20,Strategy,0.009306740066727544
2024-11-21,Strategy,0.07476069318211258
2024-11-22,Strategy,-0.003
2024-11-25,Strategy,-0.04191779523207184
2024-11-26,Strategy,-0.003
2024-11-27,Strategy,-0.011286839199935832
2024-11-29,Strategy,0.0007275968016982121
2024-12-02,Strategy,0.006144172177062062
2024-12-03,Strategy,0.007684985475325996
2024-12-04,Strategy,0.0007155143090958388
2024-12-05,Strategy,0.01872084398275103
2024-12-06,Strategy,0.00707333932038334
2024-12-09,Strategy,-0.01337139318054746
2024-12-10,Strategy,0.011717255676740878
2024-12-11,Strategy,-0.010506559273671385
2024-12-12,Strategy,0.018903804284404982
2024-12-13,Strategy,-0.003947317167964539
2024-12-16,Strategy,0.0002852082217600759
2024-12-17,Strategy,-0.012645360933811323
2024-12-18,Strategy,0.03369252770995499
2024-12-19,Strategy,0.0
2024-12-20,Strategy,0.0
2024-12-23,Strategy,-0.0
2024-12-24,Strategy,0.0
2024-12-26,Strategy,0.0
2024-12-27,Strategy,-0.0
2024-12-30,Strategy,-0.0
2024-12-31,Strategy,-0.0
2025-01-02,Strategy,-0.0
2025-01-03,Strategy,0.0
2025-01-06,Strategy,-0.0
2025-01-07,Strategy,-0.003
2025-01-08,Strategy,-0.0045459807334109915
2025-01-10,Strategy,-0.0027540988805771563
2025-01-13,Strategy,0.047038698265821265
2025-01-14,Strategy,0.004791026355856668
2025-01-15,Strategy,-0.01121566694547194
2025-01-16,Strategy,0.024195547015569883
2025-01-17,Strategy,0.029381893612188223
2025-01-21,Strategy,-0.018450888506430573
2025-01-22,Strategy,0.0038401178825075077
2025-01-23,Strategy,-0.031422463326872874
2025-01-24,Strategy,-0.011252363636298966
2025-01-27,Strategy,-0.008441757942833267
2025-01-28,Strategy,0.004703286123538555
2025-01-29,Strategy,0.0049855009382309
2025-01-30,Strategy,-0.0021611660562942878
2025-01-31,Strategy,0.0021157496672992576
2025-02-03,Strategy,0.02044510606233204
2025-02-04,Strategy,-0.005785735230669143
2025-02-05,Strategy,0.009572701206703919
2025-02-06,Strategy,0.0031187282413598057
2025-02-07,Strategy,-0.00047998901843832086
2025-02-10,Strategy,-0.005564823499193348
2025-02-11,Strategy,-0.007922962704568904
2025-02-12,Strategy,-0.010817016591819877
2025-02-13,Strategy,0.023158701368502777
2025-02-14,Strategy,-0.029824092258124518
2025-02-18,Strategy,-0.04090698155671493
2025-02-19,Strategy,-0.015079769402632342
2025-02-20,Strategy,0.02956951601601021
2025-02-21,Strategy,0.009365931852067133
2025-02-24,Strategy,0.012136018381967198
2025-02-25,Strategy,-0.009057856391679522
2025-02-26,Strategy,0.015106732247403089
2025-02-27,Strategy,0.0
2025-02-28,Strategy,-0.0
2025-03-03,Strategy,-0.0
2025-03-04,Strategy,-0.0
2025-03-05,Strategy,0.0
2025-03-06,Strategy,0.0
2025-03-07,Strategy,0.0
2025-03-10,Strategy,-0.0
2025-03-11,Strategy,-0.0
2025-03-12,Strategy,-0.0
2025-03-13,Strategy,-0.0
2025-03-14,Strategy,0.0
2025-03-17,Strategy,0.0
2025-03-18,Strategy,-0.0
2025-03-19,Strategy,-0.0
2025-03-20,Strategy,-0.0
2025-03-21,Strategy,-0.0
2025-03-24,Strategy,0.0
2025-03-25,Strategy,-0.0
2025-03-26,Strategy,0.0
2025-03-27,Strategy,-0.0
2025-03-28,Strategy,-0.0
2025-03-31,Strategy,0.0
2025-04-01,Strategy,0.0
2025-04-02,Strategy,-0.0
2025-04-03,Strategy,-0.003
2025-04-04,Strategy,-0.024837427363663185
2025-04-07,Strategy,-0.012445406428647103
2025-04-08,Strategy,-0.02023106227745879
2025-04-09,Strategy,0.08584532309444073
2025-04-10,Strategy,-0.007399408173326462
2025-04-11,Strategy,0.027172641547179174
2025-04-14,Strategy,0.01811289654720051
2025-04-15,Strategy,-0.013142063866975433
2025-04-16,Strategy,-0.021291558896784128
2025-04-17,Strategy,-0.006044290838085137
2025-04-21,Strategy,-0.02029488071711849
2025-04-22,Strategy,0.024034898003411496
2025-04-23,Strategy,0.005642270481285402
2025-04-24,Strategy,0.015319825537964434
2025-04-25,Strategy,-0.011105075542075238
2025-04-28,Strategy,0.0018484269201997415
2025-04-29,Strategy,0.001456032235683152
2025-04-30,Strategy,0.011406822399441532
2025-05-01,Strategy,0.035222156921401473
2025-05-02,Strategy,0.002619651112094942
2025-05-05,Strategy,0.004883101940122629
2025-05-06,Strategy,-0.015353304053717409
2025-05-07,Strategy,-0.005909274773519089
2025-05-08,Strategy,0.03442793435911231
2025-05-09,Strategy,0.0029751378671409538
2025-05-12,Strategy,0.0026628158875348106
2025-05-13,Strategy,0.005399388323249279
2025-05-14,Strategy,-0.0003452372411604115
2025-05-15,Strategy,0.02978944733400757
2025-05-16,Strategy,-0.03008403977880477
2025-05-19,Strategy,-9.347533674128761e-05
2025-05-20,Strategy,0.00373412872940997
2025-05-21,Strategy,0.019700077593500696
2025-05-22,Strategy,-0.003262717734336361
2025-05-23,Strategy,0.010957909602570958
2025-05-27,Strategy,0.0017997125200865153
2025-05-28,Strategy,0.000478223933727308
2025-05-29,Strategy,0.010079765439844082
2025-05-30,Strategy,-0.006345485586102484
2025-06-02,Strategy,-0.0016461088241722303
2025-06-03,Strategy,-0.008992138452345299
2025-06-04,Strategy,0.007558019876303162
2025-06-05,Strategy,-0.006773149698637311
2025-06-06,Strategy,-0.013271130197923347
2025-06-09,Strategy,-0.0018995747399789536
2025-06-10,Strategy,0.015544606478091708
2025-06-11,Strategy,-0.0058111887217991145
2025-06-12,Strategy,0.0054144795675788665
2025-06-13,Strategy,-0.0
2025-06-16,Strategy,0.0
2025-06-17,Strategy,-0.0
2025-06-18,Strategy,0.0
2025-06-20,Strategy,-0.0
2025-06-23,Strategy,-0.0
2025-06-24,Strategy,0.0
2025-06-25,Strategy,-0.0
2025-06-26,Strategy,0.0
2025-06-27,Strategy,0.0
